Time_Window,Generated_Packets,Received_Packets,Instantaneous_PDR,Flow_ID,File_Path
2001.1-2002.1,183,64,0.34972677595628415,Flow_Node0-Node8,/home/pathey/Workspace/665/665-copy-project-7/Results/phase3_crossflow_1000m_mcs_adaptive_3Mbps_0.7inc_1.1dec/Flow_Node0-Node8.csv
2002.1-2003.1,183,4,0.02185792349726776,Flow_Node0-Node8,/home/pathey/Workspace/665/665-copy-project-7/Results/phase3_crossflow_1000m_mcs_adaptive_3Mbps_0.7inc_1.1dec/Flow_Node0-Node8.csv
2003.1-2004.1,183,13,0.07103825136612021,Flow_Node0-Node8,/home/pathey/Workspace/665/665-copy-project-7/Results/phase3_crossflow_1000m_mcs_adaptive_3Mbps_0.7inc_1.1dec/Flow_Node0-Node8.csv
2004.1-2005.1,183,10,0.0546448087431694,Flow_Node0-Node8,/home/pathey/Workspace/665/665-copy-project-7/Results/phase3_crossflow_1000m_mcs_adaptive_3Mbps_0.7inc_1.1dec/Flow_Node0-Node8.csv
2005.1-2006.1,183,6,0.03278688524590164,Flow_Node0-Node8,/home/pathey/Workspace/665/665-copy-project-7/Results/phase3_crossflow_1000m_mcs_adaptive_3Mbps_0.7inc_1.1dec/Flow_Node0-Node8.csv
2006.1-2007.1,183,6,0.03278688524590164,Flow_Node0-Node8,/home/pathey/Workspace/665/665-copy-project-7/Results/phase3_crossflow_1000m_mcs_adaptive_3Mbps_0.7inc_1.1dec/Flow_Node0-Node8.csv
2007.1-2008.1,183,3,0.01639344262295082,Flow_Node0-Node8,/home/pathey/Workspace/665/665-copy-project-7/Results/phase3_crossflow_1000m_mcs_adaptive_3Mbps_0.7inc_1.1dec/Flow_Node0-Node8.csv
2008.1-2009.1,183,11,0.060109289617486336,Flow_Node0-Node8,/home/pathey/Workspace/665/665-copy-project-7/Results/phase3_crossflow_1000m_mcs_adaptive_3Mbps_0.7inc_1.1dec/Flow_Node0-Node8.csv
2009.1-2010.1,183,16,0.08743169398907104,Flow_Node0-Node8,/home/pathey/Workspace/665/665-copy-project-7/Results/phase3_crossflow_1000m_mcs_adaptive_3Mbps_0.7inc_1.1dec/Flow_Node0-Node8.csv
2010.1-2011.1,183,3,0.01639344262295082,Flow_Node0-Node8,/home/pathey/Workspace/665/665-copy-project-7/Results/phase3_crossflow_1000m_mcs_adaptive_3Mbps_0.7inc_1.1dec/Flow_Node0-Node8.csv
2011.1-2012.1,183,6,0.03278688524590164,Flow_Node0-Node8,/home/pathey/Workspace/665/665-copy-project-7/Results/phase3_crossflow_1000m_mcs_adaptive_3Mbps_0.7inc_1.1dec/Flow_Node0-Node8.csv
2012.1-2013.1,183,4,0.02185792349726776,Flow_Node0-Node8,/home/pathey/Workspace/665/665-copy-project-7/Results/phase3_crossflow_1000m_mcs_adaptive_3Mbps_0.7inc_1.1dec/Flow_Node0-Node8.csv
2013.1-2014.1,183,4,0.02185792349726776,Flow_Node0-Node8,/home/pathey/Workspace/665/665-copy-project-7/Results/phase3_crossflow_1000m_mcs_adaptive_3Mbps_0.7inc_1.1dec/Flow_Node0-Node8.csv
2014.1-2015.1,183,0,0.0,Flow_Node0-Node8,/home/pathey/Workspace/665/665-copy-project-7/Results/phase3_crossflow_1000m_mcs_adaptive_3Mbps_0.7inc_1.1dec/Flow_Node0-Node8.csv
2015.1-2016.1,183,0,0.0,Flow_Node0-Node8,/home/pathey/Workspace/665/665-copy-project-7/Results/phase3_crossflow_1000m_mcs_adaptive_3Mbps_0.7inc_1.1dec/Flow_Node0-Node8.csv
2016.1-2017.1,183,0,0.0,Flow_Node0-Node8,/home/pathey/Workspace/665/665-copy-project-7/Results/phase3_crossflow_1000m_mcs_adaptive_3Mbps_0.7inc_1.1dec/Flow_Node0-Node8.csv
2017.1-2018.1,183,0,0.0,Flow_Node0-Node8,/home/pathey/Workspace/665/665-copy-project-7/Results/phase3_crossflow_1000m_mcs_adaptive_3Mbps_0.7inc_1.1dec/Flow_Node0-Node8.csv
2018.1-2019.1,183,0,0.0,Flow_Node0-Node8,/home/pathey/Workspace/665/665-copy-project-7/Results/phase3_crossflow_1000m_mcs_adaptive_3Mbps_0.7inc_1.1dec/Flow_Node0-Node8.csv
2019.1-2020.1,183,0,0.0,Flow_Node0-Node8,/home/pathey/Workspace/665/665-copy-project-7/Results/phase3_crossflow_1000m_mcs_adaptive_3Mbps_0.7inc_1.1dec/Flow_Node0-Node8.csv
2020.1-2021.1,183,0,0.0,Flow_Node0-Node8,/home/pathey/Workspace/665/665-copy-project-7/Results/phase3_crossflow_1000m_mcs_adaptive_3Mbps_0.7inc_1.1dec/Flow_Node0-Node8.csv
2021.1-2022.1,183,0,0.0,Flow_Node0-Node8,/home/pathey/Workspace/665/665-copy-project-7/Results/phase3_crossflow_1000m_mcs_adaptive_3Mbps_0.7inc_1.1dec/Flow_Node0-Node8.csv
2022.1-2023.1,183,0,0.0,Flow_Node0-Node8,/home/pathey/Workspace/665/665-copy-project-7/Results/phase3_crossflow_1000m_mcs_adaptive_3Mbps_0.7inc_1.1dec/Flow_Node0-Node8.csv
2023.1-2024.1,183,0,0.0,Flow_Node0-Node8,/home/pathey/Workspace/665/665-copy-project-7/Results/phase3_crossflow_1000m_mcs_adaptive_3Mbps_0.7inc_1.1dec/Flow_Node0-Node8.csv
2024.1-2025.1,183,0,0.0,Flow_Node0-Node8,/home/pathey/Workspace/665/665-copy-project-7/Results/phase3_crossflow_1000m_mcs_adaptive_3Mbps_0.7inc_1.1dec/Flow_Node0-Node8.csv
2025.1-2026.1,183,0,0.0,Flow_Node0-Node8,/home/pathey/Workspace/665/665-copy-project-7/Results/phase3_crossflow_1000m_mcs_adaptive_3Mbps_0.7inc_1.1dec/Flow_Node0-Node8.csv
2026.1-2027.1,183,0,0.0,Flow_Node0-Node8,/home/pathey/Workspace/665/665-copy-project-7/Results/phase3_crossflow_1000m_mcs_adaptive_3Mbps_0.7inc_1.1dec/Flow_Node0-Node8.csv
2027.1-2028.1,183,0,0.0,Flow_Node0-Node8,/home/pathey/Workspace/665/665-copy-project-7/Results/phase3_crossflow_1000m_mcs_adaptive_3Mbps_0.7inc_1.1dec/Flow_Node0-Node8.csv
2028.1-2029.1,183,0,0.0,Flow_Node0-Node8,/home/pathey/Workspace/665/665-copy-project-7/Results/phase3_crossflow_1000m_mcs_adaptive_3Mbps_0.7inc_1.1dec/Flow_Node0-Node8.csv
2029.1-2030.1,183,0,0.0,Flow_Node0-Node8,/home/pathey/Workspace/665/665-copy-project-7/Results/phase3_crossflow_1000m_mcs_adaptive_3Mbps_0.7inc_1.1dec/Flow_Node0-Node8.csv
2030.1-2031.1,183,0,0.0,Flow_Node0-Node8,/home/pathey/Workspace/665/665-copy-project-7/Results/phase3_crossflow_1000m_mcs_adaptive_3Mbps_0.7inc_1.1dec/Flow_Node0-Node8.csv
2031.1-2032.1,183,0,0.0,Flow_Node0-Node8,/home/pathey/Workspace/665/665-copy-project-7/Results/phase3_crossflow_1000m_mcs_adaptive_3Mbps_0.7inc_1.1dec/Flow_Node0-Node8.csv
2032.1-2033.1,183,0,0.0,Flow_Node0-Node8,/home/pathey/Workspace/665/665-copy-project-7/Results/phase3_crossflow_1000m_mcs_adaptive_3Mbps_0.7inc_1.1dec/Flow_Node0-Node8.csv
2033.1-2034.1,183,0,0.0,Flow_Node0-Node8,/home/pathey/Workspace/665/665-copy-project-7/Results/phase3_crossflow_1000m_mcs_adaptive_3Mbps_0.7inc_1.1dec/Flow_Node0-Node8.csv
2034.1-2035.1,183,0,0.0,Flow_Node0-Node8,/home/pathey/Workspace/665/665-copy-project-7/Results/phase3_crossflow_1000m_mcs_adaptive_3Mbps_0.7inc_1.1dec/Flow_Node0-Node8.csv
2035.1-2036.1,183,0,0.0,Flow_Node0-Node8,/home/pathey/Workspace/665/665-copy-project-7/Results/phase3_crossflow_1000m_mcs_adaptive_3Mbps_0.7inc_1.1dec/Flow_Node0-Node8.csv
2036.1-2037.1,183,0,0.0,Flow_Node0-Node8,/home/pathey/Workspace/665/665-copy-project-7/Results/phase3_crossflow_1000m_mcs_adaptive_3Mbps_0.7inc_1.1dec/Flow_Node0-Node8.csv
2037.1-2038.1,183,0,0.0,Flow_Node0-Node8,/home/pathey/Workspace/665/665-copy-project-7/Results/phase3_crossflow_1000m_mcs_adaptive_3Mbps_0.7inc_1.1dec/Flow_Node0-Node8.csv
2038.1-2039.1,183,0,0.0,Flow_Node0-Node8,/home/pathey/Workspace/665/665-copy-project-7/Results/phase3_crossflow_1000m_mcs_adaptive_3Mbps_0.7inc_1.1dec/Flow_Node0-Node8.csv
2039.1-2040.1,183,0,0.0,Flow_Node0-Node8,/home/pathey/Workspace/665/665-copy-project-7/Results/phase3_crossflow_1000m_mcs_adaptive_3Mbps_0.7inc_1.1dec/Flow_Node0-Node8.csv
2040.1-2041.1,183,0,0.0,Flow_Node0-Node8,/home/pathey/Workspace/665/665-copy-project-7/Results/phase3_crossflow_1000m_mcs_adaptive_3Mbps_0.7inc_1.1dec/Flow_Node0-Node8.csv
2041.1-2042.1,183,0,0.0,Flow_Node0-Node8,/home/pathey/Workspace/665/665-copy-project-7/Results/phase3_crossflow_1000m_mcs_adaptive_3Mbps_0.7inc_1.1dec/Flow_Node0-Node8.csv
2042.1-2043.1,183,0,0.0,Flow_Node0-Node8,/home/pathey/Workspace/665/665-copy-project-7/Results/phase3_crossflow_1000m_mcs_adaptive_3Mbps_0.7inc_1.1dec/Flow_Node0-Node8.csv
2043.1-2044.1,183,0,0.0,Flow_Node0-Node8,/home/pathey/Workspace/665/665-copy-project-7/Results/phase3_crossflow_1000m_mcs_adaptive_3Mbps_0.7inc_1.1dec/Flow_Node0-Node8.csv
2044.1-2045.1,183,0,0.0,Flow_Node0-Node8,/home/pathey/Workspace/665/665-copy-project-7/Results/phase3_crossflow_1000m_mcs_adaptive_3Mbps_0.7inc_1.1dec/Flow_Node0-Node8.csv
2045.1-2046.1,183,0,0.0,Flow_Node0-Node8,/home/pathey/Workspace/665/665-copy-project-7/Results/phase3_crossflow_1000m_mcs_adaptive_3Mbps_0.7inc_1.1dec/Flow_Node0-Node8.csv
2046.1-2047.1,183,0,0.0,Flow_Node0-Node8,/home/pathey/Workspace/665/665-copy-project-7/Results/phase3_crossflow_1000m_mcs_adaptive_3Mbps_0.7inc_1.1dec/Flow_Node0-Node8.csv
2047.1-2048.1,183,0,0.0,Flow_Node0-Node8,/home/pathey/Workspace/665/665-copy-project-7/Results/phase3_crossflow_1000m_mcs_adaptive_3Mbps_0.7inc_1.1dec/Flow_Node0-Node8.csv
2048.1-2049.1,183,0,0.0,Flow_Node0-Node8,/home/pathey/Workspace/665/665-copy-project-7/Results/phase3_crossflow_1000m_mcs_adaptive_3Mbps_0.7inc_1.1dec/Flow_Node0-Node8.csv
2049.1-2050.1,183,0,0.0,Flow_Node0-Node8,/home/pathey/Workspace/665/665-copy-project-7/Results/phase3_crossflow_1000m_mcs_adaptive_3Mbps_0.7inc_1.1dec/Flow_Node0-Node8.csv
2050.1-2051.1,183,0,0.0,Flow_Node0-Node8,/home/pathey/Workspace/665/665-copy-project-7/Results/phase3_crossflow_1000m_mcs_adaptive_3Mbps_0.7inc_1.1dec/Flow_Node0-Node8.csv
2051.1-2052.1,183,0,0.0,Flow_Node0-Node8,/home/pathey/Workspace/665/665-copy-project-7/Results/phase3_crossflow_1000m_mcs_adaptive_3Mbps_0.7inc_1.1dec/Flow_Node0-Node8.csv
2052.1-2053.1,183,0,0.0,Flow_Node0-Node8,/home/pathey/Workspace/665/665-copy-project-7/Results/phase3_crossflow_1000m_mcs_adaptive_3Mbps_0.7inc_1.1dec/Flow_Node0-Node8.csv
2053.1-2054.1,183,0,0.0,Flow_Node0-Node8,/home/pathey/Workspace/665/665-copy-project-7/Results/phase3_crossflow_1000m_mcs_adaptive_3Mbps_0.7inc_1.1dec/Flow_Node0-Node8.csv
2054.1-2055.1,183,0,0.0,Flow_Node0-Node8,/home/pathey/Workspace/665/665-copy-project-7/Results/phase3_crossflow_1000m_mcs_adaptive_3Mbps_0.7inc_1.1dec/Flow_Node0-Node8.csv
2055.1-2056.1,183,0,0.0,Flow_Node0-Node8,/home/pathey/Workspace/665/665-copy-project-7/Results/phase3_crossflow_1000m_mcs_adaptive_3Mbps_0.7inc_1.1dec/Flow_Node0-Node8.csv
2056.1-2057.1,183,0,0.0,Flow_Node0-Node8,/home/pathey/Workspace/665/665-copy-project-7/Results/phase3_crossflow_1000m_mcs_adaptive_3Mbps_0.7inc_1.1dec/Flow_Node0-Node8.csv
2057.1-2058.1,183,0,0.0,Flow_Node0-Node8,/home/pathey/Workspace/665/665-copy-project-7/Results/phase3_crossflow_1000m_mcs_adaptive_3Mbps_0.7inc_1.1dec/Flow_Node0-Node8.csv
2058.1-2059.1,183,0,0.0,Flow_Node0-Node8,/home/pathey/Workspace/665/665-copy-project-7/Results/phase3_crossflow_1000m_mcs_adaptive_3Mbps_0.7inc_1.1dec/Flow_Node0-Node8.csv
2059.1-2060.1,183,0,0.0,Flow_Node0-Node8,/home/pathey/Workspace/665/665-copy-project-7/Results/phase3_crossflow_1000m_mcs_adaptive_3Mbps_0.7inc_1.1dec/Flow_Node0-Node8.csv
2060.1-2061.1,183,0,0.0,Flow_Node0-Node8,/home/pathey/Workspace/665/665-copy-project-7/Results/phase3_crossflow_1000m_mcs_adaptive_3Mbps_0.7inc_1.1dec/Flow_Node0-Node8.csv
2061.1-2062.1,183,0,0.0,Flow_Node0-Node8,/home/pathey/Workspace/665/665-copy-project-7/Results/phase3_crossflow_1000m_mcs_adaptive_3Mbps_0.7inc_1.1dec/Flow_Node0-Node8.csv
2062.1-2063.1,183,0,0.0,Flow_Node0-Node8,/home/pathey/Workspace/665/665-copy-project-7/Results/phase3_crossflow_1000m_mcs_adaptive_3Mbps_0.7inc_1.1dec/Flow_Node0-Node8.csv
2063.1-2064.1,183,0,0.0,Flow_Node0-Node8,/home/pathey/Workspace/665/665-copy-project-7/Results/phase3_crossflow_1000m_mcs_adaptive_3Mbps_0.7inc_1.1dec/Flow_Node0-Node8.csv
2064.1-2065.1,183,0,0.0,Flow_Node0-Node8,/home/pathey/Workspace/665/665-copy-project-7/Results/phase3_crossflow_1000m_mcs_adaptive_3Mbps_0.7inc_1.1dec/Flow_Node0-Node8.csv
2065.1-2066.1,183,0,0.0,Flow_Node0-Node8,/home/pathey/Workspace/665/665-copy-project-7/Results/phase3_crossflow_1000m_mcs_adaptive_3Mbps_0.7inc_1.1dec/Flow_Node0-Node8.csv
2066.1-2067.1,183,0,0.0,Flow_Node0-Node8,/home/pathey/Workspace/665/665-copy-project-7/Results/phase3_crossflow_1000m_mcs_adaptive_3Mbps_0.7inc_1.1dec/Flow_Node0-Node8.csv
2067.1-2068.1,183,0,0.0,Flow_Node0-Node8,/home/pathey/Workspace/665/665-copy-project-7/Results/phase3_crossflow_1000m_mcs_adaptive_3Mbps_0.7inc_1.1dec/Flow_Node0-Node8.csv
2068.1-2069.1,183,0,0.0,Flow_Node0-Node8,/home/pathey/Workspace/665/665-copy-project-7/Results/phase3_crossflow_1000m_mcs_adaptive_3Mbps_0.7inc_1.1dec/Flow_Node0-Node8.csv
2069.1-2070.1,183,0,0.0,Flow_Node0-Node8,/home/pathey/Workspace/665/665-copy-project-7/Results/phase3_crossflow_1000m_mcs_adaptive_3Mbps_0.7inc_1.1dec/Flow_Node0-Node8.csv
2070.1-2071.1,183,0,0.0,Flow_Node0-Node8,/home/pathey/Workspace/665/665-copy-project-7/Results/phase3_crossflow_1000m_mcs_adaptive_3Mbps_0.7inc_1.1dec/Flow_Node0-Node8.csv
2071.1-2072.1,183,0,0.0,Flow_Node0-Node8,/home/pathey/Workspace/665/665-copy-project-7/Results/phase3_crossflow_1000m_mcs_adaptive_3Mbps_0.7inc_1.1dec/Flow_Node0-Node8.csv
2072.1-2073.1,183,0,0.0,Flow_Node0-Node8,/home/pathey/Workspace/665/665-copy-project-7/Results/phase3_crossflow_1000m_mcs_adaptive_3Mbps_0.7inc_1.1dec/Flow_Node0-Node8.csv
2073.1-2074.1,183,0,0.0,Flow_Node0-Node8,/home/pathey/Workspace/665/665-copy-project-7/Results/phase3_crossflow_1000m_mcs_adaptive_3Mbps_0.7inc_1.1dec/Flow_Node0-Node8.csv
2074.1-2075.1,183,0,0.0,Flow_Node0-Node8,/home/pathey/Workspace/665/665-copy-project-7/Results/phase3_crossflow_1000m_mcs_adaptive_3Mbps_0.7inc_1.1dec/Flow_Node0-Node8.csv
2075.1-2076.1,183,0,0.0,Flow_Node0-Node8,/home/pathey/Workspace/665/665-copy-project-7/Results/phase3_crossflow_1000m_mcs_adaptive_3Mbps_0.7inc_1.1dec/Flow_Node0-Node8.csv
2076.1-2077.1,183,0,0.0,Flow_Node0-Node8,/home/pathey/Workspace/665/665-copy-project-7/Results/phase3_crossflow_1000m_mcs_adaptive_3Mbps_0.7inc_1.1dec/Flow_Node0-Node8.csv
2077.1-2078.1,183,0,0.0,Flow_Node0-Node8,/home/pathey/Workspace/665/665-copy-project-7/Results/phase3_crossflow_1000m_mcs_adaptive_3Mbps_0.7inc_1.1dec/Flow_Node0-Node8.csv
2078.1-2079.1,183,0,0.0,Flow_Node0-Node8,/home/pathey/Workspace/665/665-copy-project-7/Results/phase3_crossflow_1000m_mcs_adaptive_3Mbps_0.7inc_1.1dec/Flow_Node0-Node8.csv
2079.1-2080.1,183,0,0.0,Flow_Node0-Node8,/home/pathey/Workspace/665/665-copy-project-7/Results/phase3_crossflow_1000m_mcs_adaptive_3Mbps_0.7inc_1.1dec/Flow_Node0-Node8.csv
2080.1-2081.1,183,0,0.0,Flow_Node0-Node8,/home/pathey/Workspace/665/665-copy-project-7/Results/phase3_crossflow_1000m_mcs_adaptive_3Mbps_0.7inc_1.1dec/Flow_Node0-Node8.csv
2081.1-2082.1,183,0,0.0,Flow_Node0-Node8,/home/pathey/Workspace/665/665-copy-project-7/Results/phase3_crossflow_1000m_mcs_adaptive_3Mbps_0.7inc_1.1dec/Flow_Node0-Node8.csv
2082.1-2083.1,183,0,0.0,Flow_Node0-Node8,/home/pathey/Workspace/665/665-copy-project-7/Results/phase3_crossflow_1000m_mcs_adaptive_3Mbps_0.7inc_1.1dec/Flow_Node0-Node8.csv
2083.1-2084.1,183,0,0.0,Flow_Node0-Node8,/home/pathey/Workspace/665/665-copy-project-7/Results/phase3_crossflow_1000m_mcs_adaptive_3Mbps_0.7inc_1.1dec/Flow_Node0-Node8.csv
2084.1-2085.1,183,0,0.0,Flow_Node0-Node8,/home/pathey/Workspace/665/665-copy-project-7/Results/phase3_crossflow_1000m_mcs_adaptive_3Mbps_0.7inc_1.1dec/Flow_Node0-Node8.csv
2085.1-2086.1,183,0,0.0,Flow_Node0-Node8,/home/pathey/Workspace/665/665-copy-project-7/Results/phase3_crossflow_1000m_mcs_adaptive_3Mbps_0.7inc_1.1dec/Flow_Node0-Node8.csv
2086.1-2087.1,183,0,0.0,Flow_Node0-Node8,/home/pathey/Workspace/665/665-copy-project-7/Results/phase3_crossflow_1000m_mcs_adaptive_3Mbps_0.7inc_1.1dec/Flow_Node0-Node8.csv
2087.1-2088.1,183,0,0.0,Flow_Node0-Node8,/home/pathey/Workspace/665/665-copy-project-7/Results/phase3_crossflow_1000m_mcs_adaptive_3Mbps_0.7inc_1.1dec/Flow_Node0-Node8.csv
2088.1-2089.1,183,0,0.0,Flow_Node0-Node8,/home/pathey/Workspace/665/665-copy-project-7/Results/phase3_crossflow_1000m_mcs_adaptive_3Mbps_0.7inc_1.1dec/Flow_Node0-Node8.csv
2089.1-2090.1,183,0,0.0,Flow_Node0-Node8,/home/pathey/Workspace/665/665-copy-project-7/Results/phase3_crossflow_1000m_mcs_adaptive_3Mbps_0.7inc_1.1dec/Flow_Node0-Node8.csv
2090.1-2091.1,183,0,0.0,Flow_Node0-Node8,/home/pathey/Workspace/665/665-copy-project-7/Results/phase3_crossflow_1000m_mcs_adaptive_3Mbps_0.7inc_1.1dec/Flow_Node0-Node8.csv
2091.1-2092.1,183,0,0.0,Flow_Node0-Node8,/home/pathey/Workspace/665/665-copy-project-7/Results/phase3_crossflow_1000m_mcs_adaptive_3Mbps_0.7inc_1.1dec/Flow_Node0-Node8.csv
2092.1-2093.1,183,0,0.0,Flow_Node0-Node8,/home/pathey/Workspace/665/665-copy-project-7/Results/phase3_crossflow_1000m_mcs_adaptive_3Mbps_0.7inc_1.1dec/Flow_Node0-Node8.csv
2093.1-2094.1,183,0,0.0,Flow_Node0-Node8,/home/pathey/Workspace/665/665-copy-project-7/Results/phase3_crossflow_1000m_mcs_adaptive_3Mbps_0.7inc_1.1dec/Flow_Node0-Node8.csv
2094.1-2095.1,183,0,0.0,Flow_Node0-Node8,/home/pathey/Workspace/665/665-copy-project-7/Results/phase3_crossflow_1000m_mcs_adaptive_3Mbps_0.7inc_1.1dec/Flow_Node0-Node8.csv
2095.1-2096.1,183,0,0.0,Flow_Node0-Node8,/home/pathey/Workspace/665/665-copy-project-7/Results/phase3_crossflow_1000m_mcs_adaptive_3Mbps_0.7inc_1.1dec/Flow_Node0-Node8.csv
2096.1-2097.1,183,0,0.0,Flow_Node0-Node8,/home/pathey/Workspace/665/665-copy-project-7/Results/phase3_crossflow_1000m_mcs_adaptive_3Mbps_0.7inc_1.1dec/Flow_Node0-Node8.csv
2097.1-2098.1,183,0,0.0,Flow_Node0-Node8,/home/pathey/Workspace/665/665-copy-project-7/Results/phase3_crossflow_1000m_mcs_adaptive_3Mbps_0.7inc_1.1dec/Flow_Node0-Node8.csv
2098.1-2099.1,183,0,0.0,Flow_Node0-Node8,/home/pathey/Workspace/665/665-copy-project-7/Results/phase3_crossflow_1000m_mcs_adaptive_3Mbps_0.7inc_1.1dec/Flow_Node0-Node8.csv
2099.1-2100.1,172,0,0.0,Flow_Node0-Node8,/home/pathey/Workspace/665/665-copy-project-7/Results/phase3_crossflow_1000m_mcs_adaptive_3Mbps_0.7inc_1.1dec/Flow_Node0-Node8.csv
2100.1-2101.1,0,4,4.0,Flow_Node0-Node8,/home/pathey/Workspace/665/665-copy-project-7/Results/phase3_crossflow_1000m_mcs_adaptive_3Mbps_0.7inc_1.1dec/Flow_Node0-Node8.csv
