Packet ID,Enqueue Time (in s),Dequeue Time (in s),Dropped?,Drop Reason,Freezes,Tx INTF,Rx INTF
2000114761081_Node0_Node8_Zero,2000.184407,2000.246926,1,RetryLimit,265,0,nan
2000131155721_Node0_Node8_Zero,2000.184407,2000.246926,1,RetryLimit,265,0,nan
2000147550398_Node0_Node8_Zero,2000.184407,2000.246926,1,RetryLimit,265,0,nan
2000163943661_Node0_Node8_Zero,2000.189708,2000.252224,0,,206,5.2586982e-13,0
2000180335691_Node0_Node8_Zero,2000.189708,2000.252224,0,,206,5.2586982e-13,0
2000196732739_Node0_Node8_Zero,2000.199364,2000.252224,0,,138,5.2586982e-13,0
2000213126135_Node0_Node8_Zero,2000.220599,2000.254238,0,,72,5.2586982e-13,0
2000229517126_Node0_Node8_Zero,2000.232268,2000.254238,0,,4,5.2586982e-13,0
2000245908897_Node0_Node8_Zero,2000.249991,2000.254238,0,,3,5.2586982e-13,0
2000262301640_Node0_Node8_Zero,2000.265293,2000.266185,0,,1,5.2586982e-13,0
2000278692094_Node0_Node8_Zero,2000.282774,2000.283787,0,,1,5.2586982e-13,0
2000295087605_Node0_Node8_Zero,2000.299425,2000.300498,0,,1,5.2586982e-13,0
2000311481780_Node0_Node8_Zero,2000.330834,2000.331886,0,,1,5.2586982e-13,0
2000327873721_Node0_Node8_Zero,2000.349649,2000.351022,0,,1,5.2586982e-13,0
2000344271304_Node0_Node8_Zero,2000.349649,2000.351022,0,,1,5.2586982e-13,0
2000360668922_Node0_Node8_Zero,2000.36338,2000.364213,0,,1,5.2586982e-13,0
2000377064900_Node0_Node8_Zero,2000.379636,2000.381344,0,,1,5.2586982e-13,0
2000393454230_Node0_Node8_Zero,2000.396165,2000.397098,0,,1,5.2586982e-13,0
2000409852032_Node0_Node8_Zero,2000.412343,2000.413316,0,,1,5.2586982e-13,0
2000426242885_Node0_Node8_Zero,2000.428754,2000.429607,0,,1,5.2586982e-13,0
2000442634371_Node0_Node8_Zero,2000.445405,2000.446218,0,,1,5.2586982e-13,0
2000459030265_Node0_Node8_Zero,2000.461621,2000.462534,0,,1,5.5873668375e-13,0
2000475423512_Node0_Node8_Zero,2000.478315,2000.479227,0,,1,5.2586982e-13,0
2000491812800_Node0_Node8_Zero,2000.494364,2000.495456,0,,1,5.2586982e-13,0
2000508201700_Node0_Node8_Zero,2000.510933,2000.512005,0,,1,5.2586982e-13,0
2000524597804_Node0_Node8_Zero,2000.527069,2000.527961,0,,1,5.2586982e-13,0
2000540992182_Node0_Node8_Zero,2000.543543,2000.544416,0,,1,5.2586982e-13,0
2000557389544_Node0_Node8_Zero,2000.559801,2000.560653,0,,1,5.2586982e-13,0
2000573783068_Node0_Node8_Zero,2000.576714,2000.577707,0,,1,5.2586982e-13,0
2000590175012_Node0_Node8_Zero,2000.592866,2000.593959,0,,1,5.2586982e-13,0
2000606565724_Node0_Node8_Zero,2000.609237,2000.610289,0,,1,5.2586982e-13,0
2000622960995_Node0_Node8_Zero,2000.625372,2000.626185,0,,1,5.2586982e-13,0
2000639356353_Node0_Node8_Zero,2000.642247,2000.6432,0,,1,5.2586982e-13,0
2000655747412_Node0_Node8_Zero,2000.658178,2000.659251,0,,1,5.2586982e-13,0
2000672141024_Node0_Node8_Zero,2000.674872,2000.675865,0,,1,5.2586982e-13,0
2000688532206_Node0_Node8_Zero,2000.690903,2000.691996,0,,1,5.2586982e-13,0
2000704929362_Node0_Node8_Zero,2000.70754,2000.708413,0,,1,5.2586982e-13,0
2000721318056_Node0_Node8_Zero,2000.723689,2000.724542,0,,1,5.2586982e-13,0
2000737713956_Node0_Node8_Zero,2000.740465,2000.741358,0,,1,5.2586982e-13,0
2000754105483_Node0_Node8_Zero,2000.756657,2000.757609,0,,1,5.2586982e-13,0
2000770501392_Node0_Node8_Zero,2000.773092,2000.774105,0,,1,5.2586982e-13,0
2000786899007_Node0_Node8_Zero,2000.78947,2000.790283,0,,1,5.2586982e-13,0
2000803288492_Node0_Node8_Zero,2000.80568,2000.806732,0,,1,5.2586982e-13,0
2000819683541_Node0_Node8_Zero,2000.822355,2000.823467,0,,1,5.2586982e-13,0
2000836076327_Node0_Node8_Zero,2000.838727,2000.83972,0,,1,5.2586982e-13,0
2000852474480_Node0_Node8_Zero,2000.855426,2000.856378,0,,1,5.2586982e-13,0
2000868871050_Node0_Node8_Zero,2000.871542,2000.872415,0,,1,5.2586982e-13,0
2000885269334_Node0_Node8_Zero,2000.88774,2000.888793,0,,1,5.2586982e-13,0
2000901658372_Node0_Node8_Zero,2000.904369,2000.905302,0,,1,5.2586982e-13,0
2000918049561_Node0_Node8_Zero,2000.920781,2000.921653,0,,1,5.2586982e-13,0
2000934446596_Node0_Node8_Zero,2000.937398,2000.93827,0,,1,5.2586982e-13,0
2000950841048_Node0_Node8_Zero,2000.953492,2000.954505,0,,1,5.2586982e-13,0
2000967237414_Node0_Node8_Zero,2000.969728,2000.970701,0,,1,5.2586982e-13,0
2000983630437_Node0_Node8_Zero,2000.986222,2000.987294,0,,1,5.2586982e-13,0
2001000023877_Node0_Node8_Zero,2001.003115,2001.004008,0,,1,5.2586982e-13,0
2001016418676_Node0_Node8_Zero,2001.01923,2001.020222,0,,1,5.2586982e-13,0
2001032811328_Node0_Node8_Zero,2001.035442,2001.036515,0,,1,5.2586982e-13,0
2001049200626_Node0_Node8_Zero,2001.051952,2001.053044,0,,1,5.2586982e-13,0
2001065597485_Node0_Node8_Zero,2001.068169,2001.069161,0,,1,5.2586982e-13,0
2001081993533_Node0_Node8_Zero,2001.084725,2001.085597,0,,1,5.2586982e-13,0
2001098383787_Node0_Node8_Zero,2001.100895,2001.101807,0,,1,5.2586982e-13,0
2001114777353_Node0_Node8_Zero,2001.117428,2001.118441,0,,1,5.2586982e-13,0
2001131174163_Node0_Node8_Zero,2001.133645,2001.134518,0,,1,5.2586982e-13,0
2001147563297_Node0_Node8_Zero,2001.150294,2001.151247,0,,1,5.2586982e-13,0
2001163951743_Node0_Node8_Zero,2001.166543,2001.167555,0,,1,5.2586982e-13,0
2001180349718_Node0_Node8_Zero,2001.183001,2001.184073,0,,1,5.2586982e-13,0
2001196744770_Node0_Node8_Zero,2001.199296,2001.200188,0,,1,5.2586982e-13,0
2001213140463_Node0_Node8_Zero,2001.215592,2001.216644,0,,1,5.2586982e-13,0
2001229536071_Node0_Node8_Zero,2001.232527,2001.23354,0,,1,5.2586982e-13,0
2001245929265_Node0_Node8_Zero,2001.2488,2001.249713,0,,1,5.2586982e-13,0
2001262326253_Node0_Node8_Zero,2001.264777,2001.26573,0,,1,5.2586982e-13,0
2001278719675_Node0_Node8_Zero,2001.281591,2001.282423,0,,1,5.2586982e-13,0
2001295110314_Node0_Node8_Zero,2001.297701,2001.298594,0,,1,5.2586982e-13,0
2001311505363_Node0_Node8_Zero,2001.314136,2001.315109,0,,1,5.2586982e-13,0
2001327902405_Node0_Node8_Zero,2001.330653,2001.331586,0,,1,5.2586982e-13,0
2001344295972_Node0_Node8_Zero,2001.346847,2001.34792,0,,1,5.2586982e-13,0
2001360690740_Node0_Node8_Zero,2001.363522,2001.364494,0,,1,5.2586982e-13,0
2001377085612_Node0_Node8_Zero,2001.379737,2001.380549,0,,1,5.2586982e-13,0
2001393480223_Node0_Node8_Zero,2001.396251,2001.397084,0,,1,5.2586982e-13,0
2001409875836_Node0_Node8_Zero,2001.412527,2001.413459,0,,1,5.2586982e-13,0
2001426269802_Node0_Node8_Zero,2001.429101,2001.430073,0,,1,5.2586982e-13,0
2001442662044_Node0_Node8_Zero,2001.445493,2001.446486,0,,1,5.2586982e-13,0
2001459055756_Node0_Node8_Zero,2001.461387,2001.462379,0,,1,5.2586982e-13,0
2001475452222_Node0_Node8_Zero,2001.478383,2001.479416,0,,1,5.2586982e-13,0
2001491850008_Node0_Node8_Zero,2001.494481,2001.495334,0,,1,5.2586982e-13,0
2001508241796_Node0_Node8_Zero,2001.511193,2001.512005,0,,1,5.2586982e-13,0
2001524630732_Node0_Node8_Zero,2001.527162,2001.528174,0,,1,5.2586982e-13,0
2001541023039_Node0_Node8_Zero,2001.543774,2001.544627,0,,1,5.2586982e-13,0
2001557416976_Node0_Node8_Zero,2001.559848,2001.560781,0,,1,5.2586982e-13,0
2001573807393_Node0_Node8_Zero,2001.576838,2001.577851,0,,1,5.2586982e-13,0
2001590199786_Node0_Node8_Zero,2001.593151,2001.594203,0,,1,5.2586982e-13,0
2001606592126_Node0_Node8_Zero,2001.609363,2001.610196,0,,1,5.2586982e-13,0
2001622987302_Node0_Node8_Zero,2001.625558,2001.626371,0,,1,5.2586982e-13,0
2001639382694_Node0_Node8_Zero,2001.642134,2001.643086,0,,1,5.2586982e-13,0
2001655781015_Node0_Node8_Zero,2001.658272,2001.659145,0,,1,5.2586982e-13,0
2001672179370_Node0_Node8_Zero,2001.67491,2001.675803,0,,1,5.2586982e-13,0
2001688573614_Node0_Node8_Zero,2001.691545,2001.692477,0,,1,5.2586982e-13,0
2001704963335_Node0_Node8_Zero,2001.707594,2001.708527,0,,1,5.2586982e-13,0
2001721352122_Node0_Node8_Zero,2001.724203,2001.725236,0,,1,5.2586982e-13,0
2001737748063_Node0_Node8_Zero,2001.740559,2001.741372,0,,1,5.2586982e-13,0
2001754145114_Node0_Node8_Zero,2001.756916,2001.757829,0,,1,5.2586982e-13,0
2001770537978_Node0_Node8_Zero,2001.773109,2001.774202,0,,1,5.2586982e-13,0
2001786932322_Node0_Node8_Zero,2001.789603,2001.790636,0,,1,5.2586982e-13,0
2001803330673_Node0_Node8_Zero,2001.806042,2001.806914,0,,1,5.2586982e-13,0
2001819723016_Node0_Node8_Zero,2001.822394,2001.823427,0,,1,5.2586982e-13,0
2001836111558_Node0_Node8_Zero,2001.838783,2001.839775,0,,1,5.2586982e-13,0
2001852506934_Node0_Node8_Zero,2001.854938,2001.855831,0,,1,5.2586982e-13,0
2001868898894_Node0_Node8_Zero,2001.87157,2001.872643,0,,1,5.2586982e-13,0
2001885290130_Node0_Node8_Zero,2001.887941,2001.888834,0,,1,5.2586982e-13,0
2001901684857_Node0_Node8_Zero,2001.904496,2001.905609,0,,1,5.2586982e-13,0
2001918080363_Node0_Node8_Zero,2001.920811,2001.921784,0,,1,5.2586982e-13,0
2001934470401_Node0_Node8_Zero,2001.937441,2001.938534,0,,1,5.2586982e-13,0
2001950867250_Node0_Node8_Zero,2001.953458,2001.954531,0,,1,5.2586982e-13,0
2001967265344_Node0_Node8_Zero,2001.970056,2001.971049,0,,1,5.2586982e-13,0
2001983657556_Node0_Node8_Zero,2001.986409,2001.987441,0,,1,5.2586982e-13,0
2002000047690_Node0_Node8_Zero,2002.002539,2002.003511,0,,1,5.2586982e-13,0
2002016438943_Node0_Node8_Zero,2002.01907,2002.020003,0,,1,5.2586982e-13,0
2002032835588_Node0_Node8_Zero,2002.035427,2002.036239,0,,1,5.2586982e-13,0
2002049225865_Node0_Node8_Zero,2002.052117,2002.05323,0,,1,5.2586982e-13,0
2002065615663_Node0_Node8_Zero,2002.068527,2002.069559,0,,1,5.2586982e-13,0
2002082010529_Node0_Node8_Zero,2002.084522,2002.085414,0,,1,5.2586982e-13,0
2002098403590_Node0_Node8_Zero,2002.100935,2002.101987,0,,1,5.2586982e-13,0
2002114792208_Node0_Node8_Zero,2002.117523,2002.118496,0,,1,5.2586982e-13,0
2002131185076_Node0_Node8_Zero,2002.133896,2002.134969,0,,1,5.2586982e-13,0
2002147573628_Node0_Node8_Zero,2002.149985,2002.151037,0,,1,5.2586982e-13,0
2002163962360_Node0_Node8_Zero,2002.166753,2002.167766,0,,1,5.2586982e-13,0
2002180360075_Node0_Node8_Zero,2002.183071,2002.183984,0,,1,5.2586982e-13,0
2002196753174_Node0_Node8_Zero,2002.199204,2002.200297,0,,1,5.2586982e-13,0
2002213143405_Node0_Node8_Zero,2002.215994,2002.217047,0,,1,5.2586982e-13,0
2002229534458_Node0_Node8_Zero,2002.232066,2002.233078,0,,1,5.2586982e-13,0
2002245923472_Node0_Node8_Zero,2002.248535,2002.249507,0,,1,5.2586982e-13,0
2002262312553_Node0_Node8_Zero,2002.265064,2002.266016,0,,1,5.2586982e-13,0
2002278704673_Node0_Node8_Zero,2002.281616,2002.282468,0,,1,5.2586982e-13,0
2002295096806_Node0_Node8_Zero,2002.297768,2002.29868,0,,1,5.2586982e-13,0
2002311490589_Node0_Node8_Zero,2002.314342,2002.315194,0,,1,5.2586982e-13,0
2002327885558_Node0_Node8_Zero,2002.330437,2002.331529,0,,1,5.2586982e-13,0
2002344274501_Node0_Node8_Zero,2002.346886,2002.347758,0,,1,5.2586982e-13,0
2002360666168_Node0_Node8_Zero,2002.363237,2002.36435,0,,1,5.2586982e-13,0
2002377062865_Node0_Node8_Zero,2002.379674,2002.380707,0,,1,5.2586982e-13,0
2002393458066_Node0_Node8_Zero,2002.395989,2002.397062,0,,1,5.2586982e-13,0
2002409852113_Node0_Node8_Zero,2002.412343,2002.413256,0,,1,5.2586982e-13,0
2002426246328_Node0_Node8_Zero,2002.428937,2002.43005,0,,1,5.2586982e-13,0
2002442643088_Node0_Node8_Zero,2002.445294,2002.446207,0,,1,5.2586982e-13,0
2002459037495_Node0_Node8_Zero,2002.461809,2002.462921,0,,1,5.2586982e-13,0
2002475429156_Node0_Node8_Zero,2002.47788,2002.478853,0,,1,5.2586982e-13,0
2002491821013_Node0_Node8_Zero,2002.494752,2002.495765,0,,1,5.2586982e-13,0
2002508212340_Node0_Node8_Zero,2002.510863,2002.511936,0,,1,5.2586982e-13,0
2002524600845_Node0_Node8_Zero,2002.527232,2002.528305,0,,1,5.2586982e-13,0
2002540991914_Node0_Node8_Zero,2002.543543,2002.544356,0,,1,5.2586982e-13,0
2002557389189_Node0_Node8_Zero,2002.55974,2002.560753,0,,1,5.2586982e-13,0
2002573777784_Node0_Node8_Zero,2002.576309,2002.577361,0,,1,5.2586982e-13,0
2002590169891_Node0_Node8_Zero,2002.593001,2002.593974,0,,1,5.2586982e-13,0
2002606559562_Node0_Node8_Zero,2002.609431,2002.610503,0,,1,5.2586982e-13,0
2002622953928_Node0_Node8_Zero,2002.625785,2002.626838,0,,1,5.2586982e-13,0
2002639350247_Node0_Node8_Zero,2002.642281,2002.643374,0,,1,5.2586982e-13,0
2002655744864_Node0_Node8_Zero,2002.658756,2002.659669,0,,1,5.2586982e-13,0
2002672133850_Node0_Node8_Zero,2002.674605,2002.675438,0,,1,5.2586982e-13,0
2002688527900_Node0_Node8_Zero,2002.691219,2002.692232,0,,1,5.2586982e-13,0
2002704916770_Node0_Node8_Zero,2002.707668,2002.70856,0,,1,5.2586982e-13,0
2002721314801_Node0_Node8_Zero,2002.724146,2002.725198,0,,1,5.2586982e-13,0
2002737709211_Node0_Node8_Zero,2002.7402,2002.741153,0,,1,5.2586982e-13,0
2002754107511_Node0_Node8_Zero,2002.756979,2002.757831,0,,1,5.2586982e-13,0
2002770498646_Node0_Node8_Zero,2002.77335,2002.774382,0,,1,5.2586982e-13,0
2002786897025_Node0_Node8_Zero,2002.789468,2002.790361,0,,1,5.2586982e-13,0
2002803285627_Node0_Node8_Zero,2002.806017,2002.807109,0,,1,5.2586982e-13,0
2002819677937_Node0_Node8_Zero,2002.822529,2002.823442,0,,1,5.2586982e-13,0
2002836070607_Node0_Node8_Zero,2002.838662,2002.839774,0,,1,5.2586982e-13,0
2002852466118_Node0_Node8_Zero,2002.854797,2002.85563,0,,1,5.2586982e-13,0
2002868858313_Node0_Node8_Zero,2002.871489,2002.872602,0,,1,5.2586982e-13,0
2002885249640_Node0_Node8_Zero,2002.887921,2002.888853,0,,1,5.2586982e-13,0
2002901647926_Node0_Node8_Zero,2002.904339,2002.905172,0,,1,5.2586982e-13,0
2002918044897_Node0_Node8_Zero,2002.920636,2002.921489,0,,1,5.2586982e-13,0
2002934435214_Node0_Node8_Zero,2002.936826,2002.937799,0,,1,5.2586982e-13,0
2002950828013_Node0_Node8_Zero,2002.953479,2002.954532,0,,1,5.2586982e-13,0
2002967218402_Node0_Node8_Zero,2002.969729,2002.970722,0,,1,5.2586982e-13,0
2002983610318_Node0_Node8_Zero,2002.986061,2002.986954,0,,1,5.2586982e-13,0
2003000000504_Node0_Node8_Zero,2003.002972,2003.003964,0,,1,5.2586982e-13,0
2003016397285_Node0_Node8_Zero,2003.019168,2003.020021,0,,1,5.2586982e-13,0
2003032792012_Node0_Node8_Zero,2003.035383,2003.036436,0,,1,5.2586982e-13,0
2003049181826_Node0_Node8_Zero,2003.051593,2003.052705,0,,1,5.2586982e-13,0
2003065577055_Node0_Node8_Zero,2003.068148,2003.069201,0,,1,5.2586982e-13,0
2003081968906_Node0_Node8_Zero,2003.08464,2003.085453,0,,1,5.2586982e-13,0
2003098361965_Node0_Node8_Zero,2003.100793,2003.101666,0,,1,5.2586982e-13,0
2003114756304_Node0_Node8_Zero,2003.117387,2003.11828,0,,1,5.2586982e-13,0
2003131151945_Node0_Node8_Zero,2003.134023,2003.135136,0,,1,5.2586982e-13,0
2003147541856_Node0_Node8_Zero,2003.150193,2003.151166,0,,1,5.2586982e-13,0
2003163938117_Node0_Node8_Zero,2003.166469,2003.167322,0,,1,5.2586982e-13,0
2003180334727_Node0_Node8_Zero,2003.183166,2003.184198,0,,1,5.2586982e-13,0
2003196730401_Node0_Node8_Zero,2003.199601,2003.200414,0,,1,5.2586982e-13,0
2003213128289_Node0_Node8_Zero,2003.215979,2003.217052,0,,1,5.2586982e-13,0
2003229521275_Node0_Node8_Zero,2003.232252,2003.233305,0,,1,5.2586982e-13,0
2003245917155_Node0_Node8_Zero,2003.248408,2003.249241,0,,1,5.2586982e-13,0
2003262314046_Node0_Node8_Zero,2003.264965,2003.265978,0,,1,5.2586982e-13,0
2003278704486_Node0_Node8_Zero,2003.281096,2003.282168,0,,1,5.2586982e-13,0
2003295093635_Node0_Node8_Zero,2003.297645,2003.298557,0,,1,5.2586982e-13,0
2003311484755_Node0_Node8_Zero,2003.314176,2003.315008,0,,1,5.2586982e-13,0
2003327880036_Node0_Node8_Zero,2003.330491,2003.331384,0,,1,5.2586982e-13,0
2003344274267_Node0_Node8_Zero,2003.346805,2003.347918,0,,1,5.2586982e-13,0
2003360671889_Node0_Node8_Zero,2003.363283,2003.364156,0,,1,5.2586982e-13,0
2003377067212_Node0_Node8_Zero,2003.379858,2003.380911,0,,1,5.2586982e-13,0
2003393458698_Node0_Node8_Zero,2003.39603,2003.397002,0,,1,5.2586982e-13,0
2003409847684_Node0_Node8_Zero,2003.412239,2003.413251,0,,1,5.2586982e-13,0
2003426245662_Node0_Node8_Zero,2003.429137,2003.429949,0,,1,5.2586982e-13,0
2003442643335_Node0_Node8_Zero,2003.445094,2003.446067,0,,1,5.2586982e-13,0
2003459034807_Node0_Node8_Zero,2003.461706,2003.462518,0,,1,5.2586982e-13,0
2003475425850_Node0_Node8_Zero,2003.478157,2003.47913,0,,1,5.2586982e-13,0
2003491820655_Node0_Node8_Zero,2003.494132,2003.494964,0,,1,5.2586982e-13,0
2003508209308_Node0_Node8_Zero,2003.511,2003.511813,0,,1,5.2586982e-13,0
2003524607173_Node0_Node8_Zero,2003.527338,2003.528271,0,,1,5.2586982e-13,0
2003541004692_Node0_Node8_Zero,2003.543556,2003.544428,0,,1,5.2586982e-13,0
2003557396751_Node0_Node8_Zero,2003.560128,2003.5611,0,,1,5.2586982e-13,0
2003573792224_Node0_Node8_Zero,2003.576403,2003.577416,0,,1,5.2586982e-13,0
2003590184230_Node0_Node8_Zero,2003.592775,2003.593708,0,,1,5.2586982e-13,0
2003606581428_Node0_Node8_Zero,2003.609193,2003.610045,0,,1,5.2586982e-13,0
2003622979372_Node0_Node8_Zero,2003.62549,2003.626603,0,,1,5.2586982e-13,0
2003639377777_Node0_Node8_Zero,2003.642029,2003.643141,0,,1,5.2586982e-13,0
2003655768671_Node0_Node8_Zero,2003.65818,2003.659012,0,,1,5.2586982e-13,0
2003672164537_Node0_Node8_Zero,2003.675116,2003.675988,0,,1,5.2586982e-13,0
2003688554696_Node0_Node8_Zero,2003.691486,2003.692378,0,,1,5.2586982e-13,0
2003704947851_Node0_Node8_Zero,2003.707479,2003.708452,0,,1,5.2586982e-13,0
2003721341451_Node0_Node8_Zero,2003.724093,2003.724905,0,,1,5.2586982e-13,0
2003737738446_Node0_Node8_Zero,2003.74009,2003.741202,0,,1,5.2586982e-13,0
2003754131646_Node0_Node8_Zero,2003.756463,2003.757375,0,,1,5.2586982e-13,0
2003770526884_Node0_Node8_Zero,2003.773358,2003.774371,0,,1,5.2586982e-13,0
2003786916845_Node0_Node8_Zero,2003.789448,2003.790541,0,,1,5.2586982e-13,0
2003803310573_Node0_Node8_Zero,2003.806062,2003.806974,0,,1,5.2586982e-13,0
2003819708706_Node0_Node8_Zero,2003.82246,2003.823572,0,,1,5.2586982e-13,0
2003836097834_Node0_Node8_Zero,2003.838969,2003.839921,0,,1,5.2586982e-13,0
2003852486571_Node0_Node8_Zero,2003.855078,2003.85613,0,,1,5.2586982e-13,0
2003868882902_Node0_Node8_Zero,2003.871454,2003.872367,0,,1,5.2586982e-13,0
2003885277487_Node0_Node8_Zero,2003.887949,2003.889001,0,,1,5.2586982e-13,0
2003901667392_Node0_Node8_Zero,2003.903978,2003.905091,0,,1,5.2586982e-13,0
2003918058279_Node0_Node8_Zero,2003.920909,2003.921882,0,,1,5.2586982e-13,0
2003934451893_Node0_Node8_Zero,2003.937323,2003.938256,0,,1,5.2586982e-13,0
2003950848117_Node0_Node8_Zero,2003.953079,2003.954072,0,,1,5.2586982e-13,0
2003967240888_Node0_Node8_Zero,2003.969912,2003.970925,0,,1,5.2586982e-13,0
2003983635234_Node0_Node8_Zero,2003.986426,2003.987479,0,,1,5.2586982e-13,0
2004000025823_Node0_Node8_Zero,2004.002917,2004.003849,0,,1,5.2586982e-13,0
2004016422116_Node0_Node8_Zero,2004.018873,2004.019926,0,,1,5.2586982e-13,0
2004032816874_Node0_Node8_Zero,2004.035548,2004.036521,0,,1,5.2586982e-13,0
2004049212219_Node0_Node8_Zero,2004.051783,2004.052736,0,,1,5.2586982e-13,0
2004065608359_Node0_Node8_Zero,2004.068099,2004.069052,0,,1,5.2586982e-13,0
2004081997491_Node0_Node8_Zero,2004.084509,2004.085441,0,,1,5.2586982e-13,0
2004098394344_Node0_Node8_Zero,2004.101105,2004.101978,0,,1,5.2586982e-13,0
2004114790556_Node0_Node8_Zero,2004.117442,2004.118414,0,,1,5.2586982e-13,0
2004131186038_Node0_Node8_Zero,2004.134117,2004.13521,0,,1,5.2586982e-13,0
2004147576483_Node0_Node8_Zero,2004.150468,2004.15136,0,,1,5.2586982e-13,0
2004163970783_Node0_Node8_Zero,2004.166602,2004.167434,0,,1,5.2586982e-13,0
2004180363519_Node0_Node8_Zero,2004.182875,2004.183947,0,,1,5.2586982e-13,0
2004196754964_Node0_Node8_Zero,2004.199626,2004.200519,0,,1,5.2586982e-13,0
2004213143454_Node0_Node8_Zero,2004.215815,2004.216747,0,,1,5.2586982e-13,0
2004229534163_Node0_Node8_Zero,2004.232405,2004.233438,0,,1,5.2586982e-13,0
2004245925982_Node0_Node8_Zero,2004.248677,2004.24955,0,,1,5.2586982e-13,0
2004262323623_Node0_Node8_Zero,2004.265035,2004.266027,0,,1,5.2586982e-13,0
2004278718123_Node0_Node8_Zero,2004.281109,2004.282042,0,,1,5.2586982e-13,0
2004295116435_Node0_Node8_Zero,2004.297808,2004.29864,0,,1,5.2586982e-13,0
2004311507075_Node0_Node8_Zero,2004.314238,2004.315091,0,,1,5.2586982e-13,0
2004327899483_Node0_Node8_Zero,2004.330411,2004.331483,0,,1,5.2586982e-13,0
2004344295825_Node0_Node8_Zero,2004.346987,2004.347839,0,,1,5.2586982e-13,0
2004360689602_Node0_Node8_Zero,2004.363381,2004.364493,0,,1,5.2586982e-13,0
2004377085313_Node0_Node8_Zero,2004.379956,2004.381049,0,,1,5.2586982e-13,0
2004393477709_Node0_Node8_Zero,2004.396229,2004.397081,0,,1,5.2586982e-13,0
2004409868576_Node0_Node8_Zero,2004.4127,2004.413752,0,,1,5.2586982e-13,0
2004426265590_Node0_Node8_Zero,2004.429177,2004.430169,0,,1,5.2586982e-13,0
2004442659417_Node0_Node8_Zero,2004.44531,2004.446163,0,,1,5.2586982e-13,0
2004459056530_Node0_Node8_Zero,2004.461768,2004.46276,0,,1,5.2586982e-13,0
2004475445877_Node0_Node8_Zero,2004.478037,2004.47893,0,,1,5.2586982e-13,0
2004491843553_Node0_Node8_Zero,2004.494155,2004.494967,0,,1,5.2586982e-13,0
2004508236304_Node0_Node8_Zero,2004.510967,2004.51194,0,,1,5.2586982e-13,0
2004524634551_Node0_Node8_Zero,2004.527326,2004.528338,0,,1,5.2586982e-13,0
2004541032526_Node0_Node8_Zero,2004.543604,2004.544676,0,,1,5.2586982e-13,0
2004557428796_Node0_Node8_Zero,2004.5599,2004.560792,0,,1,5.2586982e-13,0
2004573822028_Node0_Node8_Zero,2004.576273,2004.577186,0,,1,5.2586982e-13,0
2004590216229_Node0_Node8_Zero,2004.592867,2004.5939,0,,1,5.2586982e-13,0
2004606607038_Node0_Node8_Zero,2004.609418,2004.610471,0,,1,5.2586982e-13,0
2004623003821_Node0_Node8_Zero,2004.625855,2004.626687,0,,1,5.2586982e-13,0
2004639398552_Node0_Node8_Zero,2004.64195,2004.642802,0,,1,5.2586982e-13,0
2004655794059_Node0_Node8_Zero,2004.658525,2004.659358,0,,1,5.2586982e-13,0
2004672190021_Node0_Node8_Zero,2004.674961,2004.675854,0,,1,5.2586982e-13,0
2004688585249_Node0_Node8_Zero,2004.690916,2004.692029,0,,1,5.2586982e-13,0
2004704983238_Node0_Node8_Zero,2004.707674,2004.708707,0,,1,5.2586982e-13,0
2004721373204_Node0_Node8_Zero,2004.724064,2004.724917,0,,1,5.2586982e-13,0
2004737765537_Node0_Node8_Zero,2004.740397,2004.741509,0,,1,5.2586982e-13,0
2004754161895_Node0_Node8_Zero,2004.756833,2004.757946,0,,1,5.2586982e-13,0
2004770552823_Node0_Node8_Zero,2004.773544,2004.774456,0,,1,5.2586982e-13,0
2004786943936_Node0_Node8_Zero,2004.789455,2004.790448,0,,1,5.2586982e-13,0
2004803337739_Node0_Node8_Zero,2004.806289,2004.807141,0,,1,5.2586982e-13,0
2004819733105_Node0_Node8_Zero,2004.822384,2004.823217,0,,1,5.2586982e-13,0
2004836125294_Node0_Node8_Zero,2004.838956,2004.839929,0,,1,5.2586982e-13,0
2004852514331_Node0_Node8_Zero,2004.855085,2004.856158,0,,1,5.2586982e-13,0
2004868905065_Node0_Node8_Zero,2004.871836,2004.872809,0,,1,5.2586982e-13,0
2004885297131_Node0_Node8_Zero,2004.887848,2004.888881,0,,1,5.2586982e-13,0
2004901688032_Node0_Node8_Zero,2004.904339,2004.905192,0,,1,5.2586982e-13,0
2004918085466_Node0_Node8_Zero,2004.920737,2004.921809,0,,1,5.2586982e-13,0
2004934482655_Node0_Node8_Zero,2004.937274,2004.938346,0,,1,5.2586982e-13,0
2004950878990_Node0_Node8_Zero,2004.95365,2004.954683,0,,1,5.2586982e-13,0
2004967270356_Node0_Node8_Zero,2004.969941,2004.970834,0,,1,5.2586982e-13,0
2004983659703_Node0_Node8_Zero,2004.986351,2004.987203,0,,1,5.2586982e-13,0
2005000057350_Node0_Node8_Zero,2005.002548,2005.003481,0,,1,5.2586982e-13,0
2005016450406_Node0_Node8_Zero,2005.018881,2005.019974,0,,1,5.2586982e-13,0
2005032844844_Node0_Node8_Zero,2005.035676,2005.036489,0,,1,5.2586982e-13,0
2005049236792_Node0_Node8_Zero,2005.051628,2005.0527,0,,1,5.2586982e-13,0
2005065625485_Node0_Node8_Zero,2005.068437,2005.069489,0,,1,5.2586982e-13,0
2005082017905_Node0_Node8_Zero,2005.084909,2005.085882,0,,1,5.2586982e-13,0
2005098415818_Node0_Node8_Zero,2005.101207,2005.102259,0,,1,5.2586982e-13,0
2005114814221_Node0_Node8_Zero,2005.117205,2005.118178,0,,1,5.2586982e-13,0
2005131202988_Node0_Node8_Zero,2005.133994,2005.135107,0,,1,5.2586982e-13,0
2005147593077_Node0_Node8_Zero,2005.150144,2005.151137,0,,1,5.2586982e-13,0
2005163985018_Node0_Node8_Zero,2005.166956,2005.168009,0,,1,5.2586982e-13,0
2005180378357_Node0_Node8_Zero,2005.182829,2005.183842,0,,1,5.2586982e-13,0
2005196769169_Node0_Node8_Zero,2005.1994,2005.200333,0,,1,5.2586982e-13,0
2005213165327_Node0_Node8_Zero,2005.215856,2005.216969,0,,1,5.2586982e-13,0
2005229557690_Node0_Node8_Zero,2005.232489,2005.233341,0,,1,5.2586982e-13,0
2005245953343_Node0_Node8_Zero,2005.248704,2005.249697,0,,1,5.2586982e-13,0
2005262350798_Node0_Node8_Zero,2005.264942,2005.265774,0,,1,5.2586982e-13,0
2005278741471_Node0_Node8_Zero,2005.281513,2005.282485,0,,1,5.2586982e-13,0
2005295139263_Node0_Node8_Zero,2005.29753,2005.298503,0,,1,5.2586982e-13,0
2005311531829_Node0_Node8_Zero,2005.314563,2005.315595,0,,1,5.2586982e-13,0
2005327922627_Node0_Node8_Zero,2005.330474,2005.331486,0,,1,5.2586982e-13,0
2005344314259_Node0_Node8_Zero,2005.347245,2005.348178,0,,1,5.2586982e-13,0
2005360710473_Node0_Node8_Zero,2005.363582,2005.364454,0,,1,5.2586982e-13,0
2005377105988_Node0_Node8_Zero,2005.379857,2005.38073,0,,1,5.2586982e-13,0
2005393502404_Node0_Node8_Zero,2005.395953,2005.396806,0,,1,5.2586982e-13,0
2005409891534_Node0_Node8_Zero,2005.412623,2005.413695,0,,1,5.2586982e-13,0
2005426280577_Node0_Node8_Zero,2005.429052,2005.430084,0,,1,5.2586982e-13,0
2005442670810_Node0_Node8_Zero,2005.445342,2005.446454,0,,1,5.2586982e-13,0
2005459064124_Node0_Node8_Zero,2005.461675,2005.462668,0,,1,5.2586982e-13,0
2005475456923_Node0_Node8_Zero,2005.477928,2005.478981,0,,1,5.2586982e-13,0
2005491849050_Node0_Node8_Zero,2005.49442,2005.495413,0,,1,5.2586982e-13,0
2005508247383_Node0_Node8_Zero,2005.511098,2005.512131,0,,1,5.2586982e-13,0
2005524645048_Node0_Node8_Zero,2005.527396,2005.528369,0,,1,5.2586982e-13,0
2005541042597_Node0_Node8_Zero,2005.543814,2005.544626,0,,1,5.2586982e-13,0
2005557439689_Node0_Node8_Zero,2005.559951,2005.561063,0,,1,5.2586982e-13,0
2005573829166_Node0_Node8_Zero,2005.57638,2005.577473,0,,1,5.2586982e-13,0
2005590222780_Node0_Node8_Zero,2005.592654,2005.593666,0,,1,5.2586982e-13,0
2005606619314_Node0_Node8_Zero,2005.60905,2005.610023,0,,1,5.2586982e-13,0
2005623013470_Node0_Node8_Zero,2005.625605,2005.626637,0,,1,5.2586982e-13,0
2005639406858_Node0_Node8_Zero,2005.641838,2005.642871,0,,1,5.2586982e-13,0
2005655795885_Node0_Node8_Zero,2005.658227,2005.65924,0,,1,5.2586982e-13,0
2005672188440_Node0_Node8_Zero,2005.67484,2005.675652,0,,1,5.2586982e-13,0
2005688580465_Node0_Node8_Zero,2005.691252,2005.692284,0,,1,5.2586982e-13,0
2005704972703_Node0_Node8_Zero,2005.707744,2005.708736,0,,1,5.2586982e-13,0
2005721364818_Node0_Node8_Zero,2005.724136,2005.725108,0,,1,5.2586982e-13,0
2005737753397_Node0_Node8_Zero,2005.740144,2005.741177,0,,1,5.2586982e-13,0
2005754151087_Node0_Node8_Zero,2005.757042,2005.757975,0,,1,5.2586982e-13,0
2005770543218_Node0_Node8_Zero,2005.773374,2005.774487,0,,1,5.2586982e-13,0
2005786939259_Node0_Node8_Zero,2005.78971,2005.790803,0,,1,5.2586982e-13,0
2005803337499_Node0_Node8_Zero,2005.805909,2005.806981,0,,1,5.2586982e-13,0
2005819730697_Node0_Node8_Zero,2005.822522,2005.823554,0,,1,5.2586982e-13,0
2005836123546_Node0_Node8_Zero,2005.838595,2005.839407,0,,1,5.2586982e-13,0
2005852514674_Node0_Node8_Zero,2005.855146,2005.856258,0,,1,5.2586982e-13,0
2005868907690_Node0_Node8_Zero,2005.871239,2005.872331,0,,1,5.2586982e-13,0
2005885302946_Node0_Node8_Zero,2005.887854,2005.888947,0,,1,5.2586982e-13,0
2005901696853_Node0_Node8_Zero,2005.904228,2005.905261,0,,1,5.2586982e-13,0
2005918090664_Node0_Node8_Zero,2005.920822,2005.921874,0,,1,5.2586982e-13,0
2005934483821_Node0_Node8_Zero,2005.937115,2005.937967,0,,1,5.2586982e-13,0
2005950881682_Node0_Node8_Zero,2005.953613,2005.954585,0,,1,5.2586982e-13,0
2005967274339_Node0_Node8_Zero,2005.969705,2005.970738,0,,1,5.2586982e-13,0
2005983666424_Node0_Node8_Zero,2005.986057,2005.98699,0,,1,5.2586982e-13,0
2006000064162_Node0_Node8_Zero,2006.002715,2006.003828,0,,1,5.2586982e-13,0
2006016454713_Node0_Node8_Zero,2006.019066,2006.020158,0,,1,5.2586982e-13,0
2006032846376_Node0_Node8_Zero,2006.035637,2006.03661,0,,1,5.2586982e-13,0
2006049238537_Node0_Node8_Zero,2006.05179,2006.052682,0,,1,5.2586982e-13,0
2006065634785_Node0_Node8_Zero,2006.068686,2006.069698,0,,1,5.2586982e-13,0
2006082024037_Node0_Node8_Zero,2006.084915,2006.086028,0,,1,5.2586982e-13,0
2006098412621_Node0_Node8_Zero,2006.100784,2006.101796,0,,1,5.2586982e-13,0
2006114807886_Node0_Node8_Zero,2006.117679,2006.118492,0,,1,5.2586982e-13,0
2006131198322_Node0_Node8_Zero,2006.133669,2006.134682,0,,1,5.2586982e-13,0
2006147592983_Node0_Node8_Zero,2006.150284,2006.151277,0,,1,5.2586982e-13,0
2006163986213_Node0_Node8_Zero,2006.166677,2006.16771,0,,1,5.2586982e-13,0
2006180381605_Node0_Node8_Zero,2006.182873,2006.183745,0,,1,5.2586982e-13,0
2006196776636_Node0_Node8_Zero,2006.199528,2006.2004,0,,1,5.2586982e-13,0
2006213170816_Node0_Node8_Zero,2006.215882,2006.216854,0,,1,5.2586982e-13,0
2006229562026_Node0_Node8_Zero,2006.232053,2006.232986,0,,1,5.2586982e-13,0
2006245953117_Node0_Node8_Zero,2006.248684,2006.249757,0,,1,5.2586982e-13,0
2006262350655_Node0_Node8_Zero,2006.265002,2006.266094,0,,1,5.2586982e-13,0
2006278746471_Node0_Node8_Zero,2006.281258,2006.28223,0,,1,5.2586982e-13,0
2006295135044_Node0_Node8_Zero,2006.297926,2006.298879,0,,1,5.2586982e-13,0
2006311523795_Node0_Node8_Zero,2006.314475,2006.315507,0,,1,5.2586982e-13,0
2006327913063_Node0_Node8_Zero,2006.330824,2006.331737,0,,1,5.2586982e-13,0
2006344311362_Node0_Node8_Zero,2006.346842,2006.347735,0,,1,5.2586982e-13,0
2006360702266_Node0_Node8_Zero,2006.363113,2006.364226,0,,1,5.2586982e-13,0
2006377098312_Node0_Node8_Zero,2006.380009,2006.380822,0,,1,5.2586982e-13,0
2006393490095_Node0_Node8_Zero,2006.396061,2006.396894,0,,1,5.2586982e-13,0
2006409887985_Node0_Node8_Zero,2006.412439,2006.413312,0,,1,5.2586982e-13,0
2006426286275_Node0_Node8_Zero,2006.429017,2006.43011,0,,1,5.2586982e-13,0
2006442682621_Node0_Node8_Zero,2006.445134,2006.446146,0,,1,5.2586982e-13,0
2006459075426_Node0_Node8_Zero,2006.461846,2006.462939,0,,1,5.2586982e-13,0
2006475469340_Node0_Node8_Zero,2006.478,2006.478933,0,,1,5.2586982e-13,0
2006491863551_Node0_Node8_Zero,2006.494355,2006.495187,0,,1,5.2586982e-13,0
2006508254932_Node0_Node8_Zero,2006.510966,2006.511939,0,,1,5.2586982e-13,0
2006524650284_Node0_Node8_Zero,2006.527081,2006.528074,0,,1,5.2586982e-13,0
2006541045221_Node0_Node8_Zero,2006.543556,2006.544509,0,,1,5.2586982e-13,0
2006557440304_Node0_Node8_Zero,2006.560271,2006.561284,0,,1,5.2586982e-13,0
2006573834302_Node0_Node8_Zero,2006.576465,2006.577318,0,,1,5.2586982e-13,0
2006590229706_Node0_Node8_Zero,2006.592821,2006.593933,0,,1,5.2586982e-13,0
2006606622153_Node0_Node8_Zero,2006.609433,2006.610346,0,,1,5.2586982e-13,0
2006623014363_Node0_Node8_Zero,2006.625665,2006.626478,0,,1,5.2586982e-13,0
2006639406164_Node0_Node8_Zero,2006.642217,2006.64307,0,,1,5.2586982e-13,0
2006655803368_Node0_Node8_Zero,2006.658314,2006.659167,0,,1,5.2586982e-13,0
2006672197307_Node0_Node8_Zero,2006.674988,2006.675901,0,,1,5.2586982e-13,0
2006688592607_Node0_Node8_Zero,2006.691384,2006.692216,0,,1,5.2586982e-13,0
2006704990073_Node0_Node8_Zero,2006.707521,2006.708494,0,,1,5.2586982e-13,0
2006721382494_Node0_Node8_Zero,2006.724034,2006.725106,0,,1,5.2586982e-13,0
2006737771540_Node0_Node8_Zero,2006.740563,2006.741655,0,,1,5.2586982e-13,0
2006754161568_Node0_Node8_Zero,2006.756553,2006.757665,0,,1,5.2586982e-13,0
2006770556161_Node0_Node8_Zero,2006.773087,2006.7741,0,,1,5.2586982e-13,0
2006786947348_Node0_Node8_Zero,2006.789718,2006.790531,0,,1,5.2586982e-13,0
2006803343274_Node0_Node8_Zero,2006.806194,2006.807007,0,,1,5.2586982e-13,0
2006819737937_Node0_Node8_Zero,2006.822269,2006.823162,0,,1,5.2586982e-13,0
2006836128511_Node0_Node8_Zero,2006.83876,2006.839752,0,,1,5.2586982e-13,0
2006852523231_Node0_Node8_Zero,2006.855014,2006.855827,0,,1,5.2586982e-13,0
2006868914689_Node0_Node8_Zero,2006.871446,2006.872338,0,,1,5.2586982e-13,0
2006885308019_Node0_Node8_Zero,2006.888099,2006.889152,0,,1,5.2586982e-13,0
2006901699545_Node0_Node8_Zero,2006.904211,2006.905203,0,,1,5.2586982e-13,0
2006918089797_Node0_Node8_Zero,2006.920561,2006.921493,0,,1,5.2586982e-13,0
2006934486594_Node0_Node8_Zero,2006.937158,2006.93803,0,,1,5.2586982e-13,0
2006950875514_Node0_Node8_Zero,2006.953507,2006.954559,0,,1,5.2586982e-13,0
2006967268983_Node0_Node8_Zero,2006.97008,2006.970953,0,,1,5.2586982e-13,0
2006983664399_Node0_Node8_Zero,2006.986375,2006.987328,0,,1,5.2586982e-13,0
2007000053913_Node0_Node8_Zero,2007.002885,2007.003798,0,,1,5.2586982e-13,0
2007016450100_Node0_Node8_Zero,2007.019201,2007.020094,0,,1,5.2586982e-13,0
2007032840636_Node0_Node8_Zero,2007.035292,2007.036284,0,,1,5.2586982e-13,0
2007049233575_Node0_Node8_Zero,2007.052005,2007.053117,0,,1,5.2586982e-13,0
2007065628226_Node0_Node8_Zero,2007.068179,2007.069112,0,,1,5.2586982e-13,0
2007082021826_Node0_Node8_Zero,2007.084573,2007.085425,0,,1,5.2586982e-13,0
2007098418582_Node0_Node8_Zero,2007.10101,2007.102122,0,,1,5.2586982e-13,0
2007114816370_Node0_Node8_Zero,2007.117527,2007.11836,0,,1,5.2586982e-13,0
2007131214657_Node0_Node8_Zero,2007.133966,2007.134858,0,,1,5.2586982e-13,0
2007147606222_Node0_Node8_Zero,2007.150257,2007.15131,0,,1,5.2586982e-13,0
2007163999805_Node0_Node8_Zero,2007.166531,2007.167383,0,,1,5.2586982e-13,0
2007180389888_Node0_Node8_Zero,2007.182941,2007.183794,0,,1,5.2586982e-13,0
2007196781886_Node0_Node8_Zero,2007.199253,2007.200246,0,,1,5.2586982e-13,0
2007213173676_Node0_Node8_Zero,2007.215665,2007.216477,0,,1,5.2586982e-13,0
2007229569290_Node0_Node8_Zero,2007.23204,2007.233013,0,,1,5.2586982e-13,0
2007245963159_Node0_Node8_Zero,2007.248914,2007.249867,0,,1,5.2586982e-13,0
2007262356415_Node0_Node8_Zero,2007.264927,2007.26584,0,,1,5.2586982e-13,0
2007278753852_Node0_Node8_Zero,2007.281405,2007.282298,0,,1,5.2586982e-13,0
2007295143431_Node0_Node8_Zero,2007.297995,2007.299067,0,,1,5.2586982e-13,0
2007311538126_Node0_Node8_Zero,2007.314109,2007.315102,0,,1,5.2586982e-13,0
2007327931665_Node0_Node8_Zero,2007.330463,2007.331435,0,,1,5.2586982e-13,0
2007344328581_Node0_Node8_Zero,2007.34704,2007.348152,0,,1,5.2586982e-13,0
2007360725338_Node0_Node8_Zero,2007.363476,2007.364489,0,,1,5.2586982e-13,0
2007377118303_Node0_Node8_Zero,2007.379629,2007.380682,0,,1,5.2586982e-13,0
2007393512543_Node0_Node8_Zero,2007.396044,2007.396856,0,,1,5.2586982e-13,0
2007409904029_Node0_Node8_Zero,2007.412595,2007.413608,0,,1,5.2586982e-13,0
2007426294154_Node0_Node8_Zero,2007.428805,2007.429818,0,,1,5.2586982e-13,0
2007442688434_Node0_Node8_Zero,2007.4455,2007.446492,0,,1,5.2586982e-13,0
2007459076885_Node0_Node8_Zero,2007.461988,2007.462881,0,,1,5.2586982e-13,0
2007475469620_Node0_Node8_Zero,2007.478101,2007.478953,0,,1,5.2586982e-13,0
2007491865577_Node0_Node8_Zero,2007.494717,2007.495569,0,,1,5.2586982e-13,0
2007508255981_Node0_Node8_Zero,2007.511207,2007.51224,0,,1,5.2586982e-13,0
2007524644424_Node0_Node8_Zero,2007.527215,2007.528288,0,,1,5.2586982e-13,0
2007541041383_Node0_Node8_Zero,2007.543752,2007.544565,0,,1,5.2586982e-13,0
2007557431690_Node0_Node8_Zero,2007.560263,2007.561175,0,,1,5.2586982e-13,0
2007573824235_Node0_Node8_Zero,2007.576675,2007.577588,0,,1,5.2586982e-13,0
2007590218913_Node0_Node8_Zero,2007.59293,2007.594023,0,,1,5.2586982e-13,0
2007606612878_Node0_Node8_Zero,2007.609424,2007.610257,0,,1,5.2586982e-13,0
2007623001409_Node0_Node8_Zero,2007.625512,2007.626325,0,,1,5.2586982e-13,0
2007639395197_Node0_Node8_Zero,2007.642006,2007.643099,0,,1,5.2586982e-13,0
2007655785140_Node0_Node8_Zero,2007.658416,2007.659269,0,,1,5.2586982e-13,0
2007672178972_Node0_Node8_Zero,2007.67517,2007.676283,0,,1,5.2586982e-13,0
2007688576600_Node0_Node8_Zero,2007.691168,2007.6922,0,,1,5.2586982e-13,0
2007704973473_Node0_Node8_Zero,2007.707725,2007.708797,0,,1,5.2586982e-13,0
2007721362589_Node0_Node8_Zero,2007.724274,2007.725266,0,,1,5.2586982e-13,0
2007737753645_Node0_Node8_Zero,2007.740345,2007.741337,0,,1,5.2586982e-13,0
2007754142280_Node0_Node8_Zero,2007.756573,2007.757666,0,,1,5.2586982e-13,0
2007770539039_Node0_Node8_Zero,2007.77317,2007.774223,0,,1,5.2586982e-13,0
2007786927824_Node0_Node8_Zero,2007.789539,2007.790411,0,,1,5.2586982e-13,0
2007803320231_Node0_Node8_Zero,2007.806091,2007.807004,0,,1,5.2586982e-13,0
2007819711048_Node0_Node8_Zero,2007.822582,2007.823515,0,,1,5.2586982e-13,0
2007836102846_Node0_Node8_Zero,2007.838574,2007.839587,0,,1,5.2586982e-13,0
2007852497853_Node0_Node8_Zero,2007.855189,2007.856022,0,,1,5.2586982e-13,0
2007868888563_Node0_Node8_Zero,2007.87148,2007.872312,0,,1,5.2586982e-13,0
2007885278678_Node0_Node8_Zero,2007.88803,2007.888842,0,,1,5.2586982e-13,0
2007901674186_Node0_Node8_Zero,2007.904205,2007.905278,0,,1,5.2586982e-13,0
2007918069113_Node0_Node8_Zero,2007.92054,2007.921533,0,,1,5.2586982e-13,0
2007934461017_Node0_Node8_Zero,2007.937152,2007.938205,0,,1,5.2586982e-13,0
2007950853749_Node0_Node8_Zero,2007.953465,2007.954537,0,,1,5.2586982e-13,0
2007967247204_Node0_Node8_Zero,2007.970178,2007.971271,0,,1,5.2586982e-13,0
2007983635723_Node0_Node8_Zero,2007.986467,2007.987399,0,,1,5.2586982e-13,0
2008000029293_Node0_Node8_Zero,2008.00252,2008.003373,0,,1,5.2586982e-13,0
2008016423562_Node0_Node8_Zero,2008.018835,2008.019887,0,,1,5.2586982e-13,0
2008032817303_Node0_Node8_Zero,2008.035668,2008.036561,0,,1,5.2586982e-13,0
2008049214920_Node0_Node8_Zero,2008.051586,2008.052639,0,,1,5.2586982e-13,0
2008065610133_Node0_Node8_Zero,2008.068161,2008.069174,0,,1,5.2586982e-13,0
2008082007454_Node0_Node8_Zero,2008.084699,2008.085651,0,,1,5.2586982e-13,0
2008098396651_Node0_Node8_Zero,2008.101128,2008.10194,0,,1,5.2586982e-13,0
2008114793391_Node0_Node8_Zero,2008.117684,2008.118517,0,,1,5.2586982e-13,0
2008131187019_Node0_Node8_Zero,2008.134018,2008.134991,0,,1,5.2586982e-13,0
2008147580854_Node0_Node8_Zero,2008.150372,2008.151265,0,,1,5.2586982e-13,0
2008163972286_Node0_Node8_Zero,2008.166543,2008.167436,0,,1,5.2586982e-13,0
2008180367220_Node0_Node8_Zero,2008.182938,2008.184031,0,,1,5.2586982e-13,0
2008196764960_Node0_Node8_Zero,2008.199316,2008.200349,0,,1,5.2586982e-13,0
2008213159029_Node0_Node8_Zero,2008.21583,2008.216883,0,,1,5.2586982e-13,0
2008229551400_Node0_Node8_Zero,2008.232142,2008.233115,0,,1,5.2586982e-13,0
2008245942043_Node0_Node8_Zero,2008.248373,2008.249186,0,,1,5.2586982e-13,0
2008262333623_Node0_Node8_Zero,2008.265225,2008.266117,0,,1,5.2586982e-13,0
2008278729737_Node0_Node8_Zero,2008.281341,2008.282353,0,,1,5.2586982e-13,0
2008295120023_Node0_Node8_Zero,2008.297691,2008.298544,0,,1,5.2586982e-13,0
2008311515666_Node0_Node8_Zero,2008.313967,2008.315019,0,,1,5.2586982e-13,0
2008327914077_Node0_Node8_Zero,2008.330765,2008.331598,0,,1,5.2586982e-13,0
2008344309463_Node0_Node8_Zero,2008.347021,2008.347953,0,,1,5.2586982e-13,0
2008360703058_Node0_Node8_Zero,2008.363354,2008.364427,0,,1,5.2586982e-13,0
2008377095455_Node0_Node8_Zero,2008.379547,2008.380459,0,,1,5.2586982e-13,0
2008393491796_Node0_Node8_Zero,2008.395823,2008.396755,0,,1,5.2586982e-13,0
2008409885534_Node0_Node8_Zero,2008.412557,2008.413509,0,,1,5.2586982e-13,0
2008426277135_Node0_Node8_Zero,2008.428748,2008.429781,0,,1,5.2586982e-13,0
2008442670679_Node0_Node8_Zero,2008.445502,2008.446394,0,,1,5.2586982e-13,0
2008459066775_Node0_Node8_Zero,2008.461438,2008.46225,0,,1,5.2586982e-13,0
2008475464665_Node0_Node8_Zero,2008.477676,2008.478648,0,,1,5.2586982e-13,0
2008491857373_Node0_Node8_Zero,2008.494328,2008.495341,0,,1,5.2586982e-13,0
2008508249955_Node0_Node8_Zero,2008.511021,2008.511994,0,,1,5.2586982e-13,0
2008524646501_Node0_Node8_Zero,2008.527558,2008.52859,0,,1,5.2586982e-13,0
2008541043906_Node0_Node8_Zero,2008.543875,2008.544748,0,,1,5.2586982e-13,0
2008557437124_Node0_Node8_Zero,2008.559848,2008.560781,0,,1,5.2586982e-13,0
2008573830296_Node0_Node8_Zero,2008.576161,2008.577234,0,,1,5.2586982e-13,0
2008590220912_Node0_Node8_Zero,2008.592872,2008.593745,0,,1,5.2586982e-13,0
2008606614909_Node0_Node8_Zero,2008.609166,2008.610059,0,,1,5.2586982e-13,0
2008623003782_Node0_Node8_Zero,2008.625815,2008.626827,0,,1,5.2586982e-13,0
2008639401291_Node0_Node8_Zero,2008.642152,2008.643265,0,,1,5.2586982e-13,0
2008655790870_Node0_Node8_Zero,2008.658562,2008.659495,0,,1,5.2586982e-13,0
2008672185953_Node0_Node8_Zero,2008.674877,2008.67575,0,,1,5.2586982e-13,0
2008688579575_Node0_Node8_Zero,2008.691171,2008.692163,0,,1,5.2586982e-13,0
2008704968967_Node0_Node8_Zero,2008.70772,2008.708673,0,,1,5.2586982e-13,0
2008721363304_Node0_Node8_Zero,2008.723874,2008.724727,0,,1,5.2586982e-13,0
2008737759107_Node0_Node8_Zero,2008.74061,2008.741583,0,,1,5.2586982e-13,0
2008754152730_Node0_Node8_Zero,2008.757024,2008.757856,0,,1,5.2586982e-13,0
2008770542193_Node0_Node8_Zero,2008.773333,2008.774146,0,,1,5.2586982e-13,0
2008786933781_Node0_Node8_Zero,2008.789585,2008.790657,0,,1,5.2586982e-13,0
2008803326388_Node0_Node8_Zero,2008.805977,2008.80679,0,,1,5.2586982e-13,0
2008819719519_Node0_Node8_Zero,2008.822331,2008.823423,0,,1,5.2586982e-13,0
2008836108820_Node0_Node8_Zero,2008.8387,2008.839572,0,,1,5.2586982e-13,0
2008852503917_Node0_Node8_Zero,2008.855135,2008.856068,0,,1,5.2586982e-13,0
2008868893869_Node0_Node8_Zero,2008.871425,2008.872278,0,,1,5.2586982e-13,0
2008885282879_Node0_Node8_Zero,2008.887654,2008.888727,0,,1,5.2586982e-13,0
2008901672045_Node0_Node8_Zero,2008.904523,2008.905496,0,,1,5.2586982e-13,0
2008918069672_Node0_Node8_Zero,2008.920861,2008.921793,0,,1,5.2586982e-13,0
2008934461191_Node0_Node8_Zero,2008.937112,2008.937965,0,,1,5.2586982e-13,0
2008950851242_Node0_Node8_Zero,2008.953562,2008.954515,0,,1,5.2586982e-13,0
2008967246639_Node0_Node8_Zero,2008.969718,2008.97069,0,,1,5.2586982e-13,0
2008983639854_Node0_Node8_Zero,2008.986351,2008.987244,0,,1,5.2586982e-13,0
2009000030039_Node0_Node8_Zero,2009.002421,2009.003494,0,,1,5.2586982e-13,0
2009016422467_Node0_Node8_Zero,2009.019114,2009.019986,0,,1,5.2586982e-13,0
2009032813344_Node0_Node8_Zero,2009.035664,2009.036557,0,,1,5.2586982e-13,0
2009049203901_Node0_Node8_Zero,2009.051875,2009.052708,0,,1,5.2586982e-13,0
2009065601154_Node0_Node8_Zero,2009.068252,2009.069345,0,,1,5.2586982e-13,0
2009081998385_Node0_Node8_Zero,2009.084549,2009.085522,0,,1,5.2586982e-13,0
2009098391681_Node0_Node8_Zero,2009.101143,2009.102195,0,,1,5.2586982e-13,0
2009114789621_Node0_Node8_Zero,2009.117321,2009.118353,0,,1,5.2586982e-13,0
2009131187862_Node0_Node8_Zero,2009.133799,2009.134612,0,,1,5.2586982e-13,0
2009147586060_Node0_Node8_Zero,2009.150497,2009.15147,0,,1,5.2586982e-13,0
2009163979078_Node0_Node8_Zero,2009.16669,2009.167503,0,,1,5.2586982e-13,0
2009180376982_Node0_Node8_Zero,2009.183028,2009.184041,0,,1,5.2586982e-13,0
2009196769539_Node0_Node8_Zero,2009.199141,2009.200133,0,,1,5.2586982e-13,0
2009213162299_Node0_Node8_Zero,2009.215813,2009.216646,0,,1,5.2586982e-13,0
2009229551954_Node0_Node8_Zero,2009.232263,2009.233176,0,,1,5.2586982e-13,0
2009245941672_Node0_Node8_Zero,2009.248393,2009.249445,0,,1,5.2586982e-13,0
2009262337848_Node0_Node8_Zero,2009.264629,2009.265562,0,,1,5.2586982e-13,0
2009278727872_Node0_Node8_Zero,2009.281359,2009.282172,0,,1,5.2586982e-13,0
2009295119370_Node0_Node8_Zero,2009.29771,2009.298543,0,,1,5.2586982e-13,0
2009311511288_Node0_Node8_Zero,2009.314442,2009.315475,0,,1,5.2586982e-13,0
2009327903593_Node0_Node8_Zero,2009.330475,2009.331487,0,,1,5.2586982e-13,0
2009344297320_Node0_Node8_Zero,2009.347068,2009.347921,0,,1,5.2586982e-13,0
2009360694240_Node0_Node8_Zero,2009.363405,2009.364378,0,,1,5.2586982e-13,0
2009377084766_Node0_Node8_Zero,2009.379496,2009.380348,0,,1,5.2586982e-13,0
2009393480072_Node0_Node8_Zero,2009.396111,2009.397184,0,,1,5.2586982e-13,0
2009409876153_Node0_Node8_Zero,2009.412527,2009.4134,0,,1,5.2586982e-13,0
2009426273368_Node0_Node8_Zero,2009.429124,2009.430017,0,,1,5.2586982e-13,0
2009442662074_Node0_Node8_Zero,2009.445173,2009.446146,0,,1,5.2586982e-13,0
2009459052108_Node0_Node8_Zero,2009.461983,2009.462836,0,,1,5.2586982e-13,0
2009475449075_Node0_Node8_Zero,2009.47826,2009.479133,0,,1,5.2586982e-13,0
2009491846048_Node0_Node8_Zero,2009.494257,2009.49535,0,,1,5.2586982e-13,0
2009508243648_Node0_Node8_Zero,2009.511135,2009.511947,0,,1,5.2586982e-13,0
2009524637900_Node0_Node8_Zero,2009.527249,2009.528242,0,,1,5.2586982e-13,0
2009541030002_Node0_Node8_Zero,2009.544021,2009.545014,0,,1,5.2586982e-13,0
2009557427161_Node0_Node8_Zero,2009.560218,2009.561251,0,,1,5.2586982e-13,0
2009573824645_Node0_Node8_Zero,2009.576196,2009.577048,0,,1,5.2586982e-13,0
2009590219374_Node0_Node8_Zero,2009.59281,2009.593703,0,,1,5.2586982e-13,0
2009606611382_Node0_Node8_Zero,2009.609342,2009.610455,0,,1,5.2586982e-13,0
2009623007988_Node0_Node8_Zero,2009.625719,2009.626792,0,,1,5.2586982e-13,0
2009639401622_Node0_Node8_Zero,2009.641993,2009.642825,0,,1,5.2586982e-13,0
2009655796447_Node0_Node8_Zero,2009.658548,2009.65938,0,,1,5.2586982e-13,0
2009672188225_Node0_Node8_Zero,2009.674819,2009.675652,0,,1,5.2586982e-13,0
2009688583568_Node0_Node8_Zero,2009.691195,2009.692147,0,,1,5.2586982e-13,0
2009704976214_Node0_Node8_Zero,2009.707647,2009.70854,0,,1,5.2586982e-13,0
2009721374109_Node0_Node8_Zero,2009.723945,2009.724818,0,,1,5.2586982e-13,0
2009737770891_Node0_Node8_Zero,2009.740562,2009.741535,0,,1,5.2586982e-13,0
2009754164809_Node0_Node8_Zero,2009.756816,2009.757848,0,,1,5.2586982e-13,0
2009770553350_Node0_Node8_Zero,2009.773164,2009.773977,0,,1,5.2586982e-13,0
2009786944859_Node0_Node8_Zero,2009.789816,2009.790769,0,,1,5.2586982e-13,0
2009803342409_Node0_Node8_Zero,2009.805833,2009.806826,0,,1,5.2586982e-13,0
2009819733325_Node0_Node8_Zero,2009.822504,2009.823557,0,,1,5.2586982e-13,0
2009836124686_Node0_Node8_Zero,2009.838996,2009.840108,0,,1,5.2586982e-13,0
2009852518590_Node0_Node8_Zero,2009.85505,2009.856142,0,,1,5.2586982e-13,0
2009868913359_Node0_Node8_Zero,2009.871464,2009.872297,0,,1,5.2586982e-13,0
2009885308946_Node0_Node8_Zero,2009.88782,2009.888673,0,,1,5.2586982e-13,0
2009901703568_Node0_Node8_Zero,2009.904275,2009.905187,0,,1,5.2586982e-13,0
2009918093266_Node0_Node8_Zero,2009.920724,2009.921817,0,,1,5.2586982e-13,0
2009934489820_Node0_Node8_Zero,2009.937161,2009.938253,0,,1,5.2586982e-13,0
2009950881686_Node0_Node8_Zero,2009.953813,2009.954725,0,,1,5.2586982e-13,0
2009967271678_Node0_Node8_Zero,2009.969803,2009.970675,0,,1,5.2586982e-13,0
2009983665654_Node0_Node8_Zero,2009.986097,2009.987149,0,,1,5.2586982e-13,0
2010000057915_Node0_Node8_Zero,2010.002609,2010.003702,0,,1,5.2586982e-13,0
